Date,Tmax,Tmin,Tavg,Prcp,Wspd,Wdir,Estacion,Provincia
2024-01-01,34.4,23.0,28.7,0.0,43.2,Norte,David,Chiriquí
2024-01-02,34.4,23.0,28.7,0.0,43.2,Norte,David,Chiriquí
2024-01-03,33.2,22.0,27.6,0.0,28.8,Sur,David,Chiriquí
2024-01-04,34.0,22.6,28.3,0.0,30.2,Nor-Noreste,David,Chiriquí
2024-01-05,34.2,22.6,28.4,0.0,34.9,Sur,David,Chiriquí
2024-01-06,33.4,22.0,27.7,0.0,25.2,Sur,David,Chiriquí
2024-01-07,34.4,22.2,28.3,0.0,64.8,Norte,David,Chiriquí
2024-01-08,34.4,22.4,28.4,0.0,25.2,Suroeste,David,Chiriquí
2024-01-09,34.2,22.0,28.1,0.0,25.2,Suroeste,David,Chiriquí
2024-01-10,33.9,24.2,29.1,0.0,34.6,Sur,David,Chiriquí
2024-01-11,33.5,24.5,29.0,0.0,23.4,Sur,David,Chiriquí
2024-01-12,34.0,23.0,28.5,0.0,31.3,Sur,David,Chiriquí
2024-01-13,32.5,23.8,28.2,0.0,28.8,Sur,David,Chiriquí
2024-01-14,33.4,22.6,28.0,0.0,27.0,Sur,David,Chiriquí
2024-01-15,34.6,22.2,28.4,0.0,28.8,Sur,David,Chiriquí
2024-01-16,33.2,21.6,27.4,0.0,32.4,Sur,David,Chiriquí
2024-01-17,34.2,23.0,28.6,0.0,81.0,Noroeste,David,Chiriquí
2024-01-18,37.0,23.9,30.5,0.0,86.4,Noreste,David,Chiriquí
2024-01-19,35.0,23.9,29.5,0.0,25.2,Norte,David,Chiriquí
2024-01-20,32.8,22.4,27.6,0.0,38.9,Sur,David,Chiriquí
2024-01-21,34.9,24.2,29.6,0.0,99.0,Noreste,David,Chiriquí
2024-01-22,36.2,24.4,30.3,0.0,90.0,Norte,David,Chiriquí
2024-01-23,34.0,24.2,29.1,0.0,30.6,Sur,David,Chiriquí
2024-01-24,34.5,23.5,29.0,0.0,15.5,Sur,David,Chiriquí
2024-01-25,35.0,24.5,29.8,0.0,36.0,Sur,David,Chiriquí
2024-01-26,35.0,24.6,29.8,16.3,25.2,Sur,David,Chiriquí
2024-01-27,34.0,23.8,28.9,0.0,21.6,Sur,David,Chiriquí
2024-01-28,36.0,26.6,31.3,0.0,73.8,Norte,David,Chiriquí
2024-01-29,35.5,26.6,31.1,0.0,91.8,Norte,David,Chiriquí
2024-01-30,36.2,27.5,31.9,0.0,82.2,Norte,David,Chiriquí
2024-01-31,36.0,24.0,30.0,0.0,34.6,Sur,David,Chiriquí
2024-02-01,35.0,23.8,29.4,0.0,32.4,Sur,David,Chiriquí
2024-02-02,34.0,24.2,29.1,6.2,28.8,Sur,David,Chiriquí
2024-02-03,32.4,24.6,28.5,0.6,18.0,Sur,David,Chiriquí
2024-02-04,32.6,25.2,28.9,0.0,21.6,Sur,David,Chiriquí
2024-02-05,33.8,24.0,28.9,0.0,32.4,Suroeste,David,Chiriquí
2024-02-06,34.6,23.8,29.2,0.0,28.8,Sur-Suroeste,David,Chiriquí
2024-02-07,35.0,23.8,29.4,0.0,64.8,Noreste,David,Chiriquí
2024-02-08,34.0,22.4,28.2,0.0,46.2,Suroeste,David,Chiriquí
2024-02-09,35.0,24.2,29.6,0.0,21.6,Suroeste,David,Chiriquí
2024-02-10,35.8,23.0,29.4,0.0,36.0,Sur,David,Chiriquí
2024-02-11,35.2,24.0,29.6,0.0,30.6,Sur,David,Chiriquí
2024-02-12,35.0,23.7,29.4,0.0,28.8,Sur,David,Chiriquí
2024-02-13,36.9,24.4,30.7,0.0,72.0,Noreste,David,Chiriquí
2024-02-14,36.2,23.6,29.9,0.0,82.8,Noreste,David,Chiriquí
2024-02-15,36.4,26.2,31.3,0.0,82.8,Noreste,David,Chiriquí
2024-02-16,37.6,24.4,31.0,0.0,30.6,Sur,David,Chiriquí
2024-02-17,35.6,25.2,30.4,0.0,32.4,Sureste,David,Chiriquí
2024-02-18,35.5,26.0,30.8,1.5,25.2,Sur,David,Chiriquí
2024-02-19,37.5,24.8,31.2,0.0,90.0,Norte,David,Chiriquí
2024-02-20,37.5,24.8,31.2,0.0,90.0,Norte,David,Chiriquí
2024-02-21,36.6,26.2,31.4,0.0,79.2,Noreste,David,Chiriquí
2024-02-22,37.4,26.0,31.7,0.0,50.4,Noreste,David,Chiriquí
2024-02-23,34.4,22.6,28.5,0.0,33.0,Sur,David,Chiriquí
2024-02-24,35.2,22.8,29.0,0.0,36.0,Sur,David,Chiriquí
2024-02-25,35.4,22.8,29.1,0.0,72.0,Noreste,David,Chiriquí
2024-02-26,34.6,23.4,29.0,0.0,54.0,Sur,David,Chiriquí
2024-02-27,37.2,25.5,31.4,0.0,87.0,Norte,David,Chiriquí
2024-02-28,36.8,23.0,29.9,0.0,82.8,Norte,David,Chiriquí
2024-02-29,36.6,24.0,30.3,0.0,97.2,Norte,David,Chiriquí
2024-03-01,36.0,21.5,28.8,0.0,64.8,Sur,David,Chiriquí
2024-03-02,34.8,21.8,28.3,0.0,36.0,Norte,David,Chiriquí
2024-03-03,34.8,23.4,29.1,0.0,41.4,Suroeste,David,Chiriquí
2024-03-04,34.2,23.0,28.6,0.0,41.4,Sur,David,Chiriquí
2024-03-05,34.8,23.4,29.1,0.0,40.3,Sur,David,Chiriquí
2024-03-06,34.5,25.2,29.9,0.0,36.0,Sur,David,Chiriquí
2024-03-07,35.2,24.8,30.0,0.0,34.6,Sur,David,Chiriquí
2024-03-08,35.0,26.0,30.5,0.0,32.4,Sur,David,Chiriquí
2024-03-09,35.4,24.2,29.8,0.0,36.0,Sur,David,Chiriquí
2024-03-10,36.0,23.8,29.9,0.0,47.5,Sur,David,Chiriquí
2024-03-11,38.0,27.2,32.6,0.0,90.7,Nor-Noreste,David,Chiriquí
2024-03-12,37.4,28.2,32.8,0.0,92.9,Norte,David,Chiriquí
2024-03-13,36.5,26.8,31.7,0.0,39.6,Sur,David,Chiriquí
2024-03-14,32.6,24.1,28.4,0.0,34.6,Sur,David,Chiriquí
2024-03-15,37.0,25.5,31.3,0.0,46.2,Sur,David,Chiriquí
2024-03-16,37.4,25.5,31.5,0.0,46.8,Sur,David,Chiriquí
2024-03-17,35.6,26.0,30.8,0.0,34.6,Sur,David,Chiriquí
2024-03-18,36.2,24.8,30.5,0.0,34.6,Sur,David,Chiriquí
2024-03-19,32.6,24.1,28.4,0.0,34.6,Sur,David,Chiriquí
2024-03-20,32.6,24.1,28.4,0.0,34.6,Sur,David,Chiriquí
2024-03-21,36.2,23.2,29.7,0.0,28.8,Sur,David,Chiriquí
2024-03-22,35.4,25.4,30.4,0.0,43.9,Sur,David,Chiriquí
2024-03-23,35.6,25.4,30.5,0.0,29.5,Sur,David,Chiriquí
2024-03-24,32.6,24.1,28.4,0.0,34.6,Sur,David,Chiriquí
2024-03-25,36.2,25.6,30.9,1.2,34.6,Sur,David,Chiriquí
2024-03-26,32.6,24.1,28.4,0.0,34.6,Sur,David,Chiriquí
2024-03-27,34.4,25.4,29.9,0.0,32.4,Sur,David,Chiriquí
2024-03-28,34.8,25.4,30.1,0.0,36.7,Sur,David,Chiriquí
2024-03-29,34.2,24.2,29.2,0.0,50.4,Sur,David,Chiriquí
2024-03-30,37.8,24.6,31.2,0.0,39.6,Norte,David,Chiriquí
2024-03-31,37.0,21.8,29.4,0.0,39.6,Sur,David,Chiriquí
2024-04-01,36.2,21.6,28.9,0.0,46.2,Sur,David,Chiriquí
2024-04-02,35.2,23.8,29.5,0.0,50.4,Sur,David,Chiriquí
2024-04-03,35.0,26.2,30.6,0.0,39.6,Suroeste,David,Chiriquí
2024-04-04,34.2,25.2,29.7,0.8,32.4,Sur,David,Chiriquí
2024-04-05,34.2,25.0,29.6,3.1,28.8,Sur,David,Chiriquí
2024-04-06,35.2,24.6,29.9,0.0,32.4,Sur,David,Chiriquí
2024-04-07,37.4,25.5,31.5,0.0,64.8,Suroeste,David,Chiriquí
2024-04-08,34.6,25.2,29.9,2.0,49.7,Sur,David,Chiriquí
2024-04-09,34.2,26.0,30.1,0.0,24.1,Sur,David,Chiriquí
2024-04-10,34.6,25.2,29.9,2.0,49.7,Sur,David,Chiriquí
2024-04-11,35.4,24.6,30.0,0.0,34.6,Sur,David,Chiriquí
2024-04-12,37.8,25.5,31.7,0.0,97.2,Norte,David,Chiriquí
2024-04-13,34.6,24.1,28.4,0.0,115.2,Noreste,David,Chiriquí
2024-04-14,38.0,26.0,32.0,0.0,68.4,Noreste,David,Chiriquí
2024-04-15,35.8,24.6,30.2,0.0,45.7,Sur,David,Chiriquí
2024-04-16,35.8,25.2,30.5,0.0,36.0,Sur,David,Chiriquí
2024-04-17,35.8,23.8,29.8,0.0,48.6,Sur,David,Chiriquí
2024-04-18,36.6,25.4,31.0,0.0,46.2,Sur,David,Chiriquí
2024-04-19,35.6,23.8,29.7,0.9,45.0,Suroeste,David,Chiriquí
2024-04-20,35.4,23.8,29.6,28.2,72.0,Sur,David,Chiriquí
2024-04-21,34.2,24.0,29.1,0.0,36.7,Sur,David,Chiriquí
2024-04-22,30.8,24.4,27.6,0.0,28.8,Este,David,Chiriquí
2024-04-23,34.0,24.5,29.3,0.0,34.6,Sur,David,Chiriquí
2024-04-24,36.4,24.8,30.6,0.0,34.6,Sur,David,Chiriquí
2024-04-25,36.6,24.8,30.7,0.0,57.6,Norte,David,Chiriquí
2024-04-26,34.6,25.4,30.0,7.1,36.0,Suroeste,David,Chiriquí
2024-04-27,34.6,25.0,29.8,24.4,34.2,Suroeste,David,Chiriquí
2024-04-28,32.2,24.0,28.1,30.3,48.6,Suroeste,David,Chiriquí
2024-04-29,32.8,23.8,28.3,0.0,21.2,Sur,David,Chiriquí
2024-04-30,32.8,23.8,28.3,0.0,21.2,Sur,David,Chiriquí
2024-05-01,33.4,25.2,29.3,0.0,25.2,Sur,David,Chiriquí
2024-05-02,33.8,25.0,29.4,0.2,48.6,Sur,David,Chiriquí
2024-05-03,33.4,24.8,29.1,37.7,42.3,Sur,David,Chiriquí
2024-05-04,32.0,24.2,28.1,0.0,36.0,Sur,David,Chiriquí
2024-05-05,33.4,24.2,28.8,0.0,25.2,Sur-Sureste,David,Chiriquí
2024-05-06,33.2,24.8,29.0,0.0,32.4,Sur,David,Chiriquí
2024-05-07,32.6,24.1,28.4,0.0,34.6,Sur,David,Chiriquí
2024-05-08,30.6,25.4,28.0,0.0,34.6,Sur,David,Chiriquí
2024-05-09,33.2,24.6,28.9,9.7,34.6,Sur,David,Chiriquí
2024-05-10,32.0,25.4,28.7,0.0,31.7,Suroeste,David,Chiriquí
2024-05-11,32.8,25.0,28.9,15.5,59.4,Sur,David,Chiriquí
2024-05-12,33.2,24.0,28.6,8.7,29.5,Suroeste,David,Chiriquí
2024-05-13,33.4,25.2,29.3,26.0,28.8,Sur,David,Chiriquí
2024-05-14,32.8,25.4,29.1,0.5,21.6,Suroeste,David,Chiriquí
2024-05-15,32.6,24.1,28.4,0.0,34.6,Sur,David,Chiriquí
2024-05-16,32.6,24.6,28.6,1.0,22.3,Sur,David,Chiriquí
2024-05-17,32.6,24.1,28.4,0.0,34.6,Sur,David,Chiriquí
2024-05-18,31.8,26.2,29.0,0.0,18.0,Sur,David,Chiriquí
2024-05-19,31.0,25.6,28.3,1.1,18.0,Sur,David,Chiriquí
2024-05-20,31.0,25.2,28.1,136.2,54.0,Suroeste,David,Chiriquí
2024-05-21,32.6,25.6,29.1,3.3,36.0,Suroeste,David,Chiriquí
2024-05-22,32.6,25.6,29.1,3.3,36.0,Suroeste,David,Chiriquí
2024-05-23,30.0,24.2,27.1,0.6,13.7,Sur,David,Chiriquí
2024-05-24,31.6,25.6,28.6,0.0,34.6,Sur,David,Chiriquí
2024-05-25,32.8,25.2,29.0,4.5,18.0,Sur,David,Chiriquí
2024-05-26,33.0,24.6,28.8,0.0,32.4,Sur,David,Chiriquí
2024-05-27,33.4,25.0,29.2,1.2,40.0,Sur,David,Chiriquí
2024-05-28,31.0,24.8,27.9,0.0,28.8,Suroeste,David,Chiriquí
2024-05-29,32.2,24.0,28.1,1.1,35.3,Sur,David,Chiriquí
2024-05-30,30.6,25.2,27.9,3.4,18.0,Sur,David,Chiriquí
2024-05-31,33.0,25.2,29.1,0.0,21.6,Sur,David,Chiriquí
2024-06-01,33.4,25.6,29.5,0.0,28.8,Suroeste,David,Chiriquí
2024-06-02,33.6,25.4,29.5,15.5,27.0,Suroeste,David,Chiriquí
2024-06-03,31.4,23.6,27.5,40.0,59.0,Sur,David,Chiriquí
2024-06-04,32.4,23.5,28.0,0.0,24.5,Sur,David,Chiriquí
2024-06-05,33.6,25.4,29.5,7.5,18.0,Sur,David,Chiriquí
2024-06-06,30.8,24.0,27.4,40.6,28.8,Suroeste,David,Chiriquí
2024-06-07,32.0,24.0,28.0,0.0,23.4,Sur,David,Chiriquí
2024-06-08,33.0,24.0,28.5,0.2,18.4,Sur,David,Chiriquí
2024-06-09,31.6,26.0,28.8,8.4,18.0,Sur,David,Chiriquí
2024-06-10,31.8,24.0,27.9,35.5,42.3,Sur,David,Chiriquí
2024-06-11,30.4,23.8,27.1,0.0,18.0,Sur,David,Chiriquí
2024-06-12,32.0,23.6,27.8,5.9,28.8,Sur,David,Chiriquí
2024-06-13,32.6,24.6,28.6,6.6,51.5,Suroeste,David,Chiriquí
2024-06-14,30.4,24.0,27.2,14.1,33.5,Suroeste,David,Chiriquí
2024-06-15,26.4,24.0,25.2,20.0,34.6,Sur,David,Chiriquí
2024-06-16,30.0,23.8,26.9,2.2,28.8,Variable,David,Chiriquí
2024-06-17,32.2,24.0,28.1,0.0,18.0,Sur,David,Chiriquí
2024-06-18,32.2,24.2,28.2,25.4,50.4,Suroeste,David,Chiriquí
2024-06-19,29.6,23.4,26.5,0.0,25.5,Sur,David,Chiriquí
2024-06-20,30.6,24.0,27.3,0.0,21.6,Sur,David,Chiriquí
2024-06-21,32.0,24.0,28.0,8.9,32.4,Sur,David,Chiriquí
2024-06-22,31.5,23.6,27.6,4.2,14.4,Sur,David,Chiriquí
2024-06-23,30.6,24.5,27.6,2.4,18.0,Sur,David,Chiriquí
2024-06-24,31.0,24.6,27.8,0.0,25.5,Sur,David,Chiriquí
2024-06-25,32.0,24.2,28.1,25.7,37.8,Suroeste,David,Chiriquí
2024-06-26,30.2,23.4,26.8,148.6,38.9,Sur,David,Chiriquí
2024-06-27,27.0,23.0,25.0,47.6,16.2,Sur,David,Chiriquí
2024-06-28,30.0,23.4,26.7,4.7,25.2,Suroeste,David,Chiriquí
2024-06-29,32.6,24.1,28.4,0.0,34.6,Sur,David,Chiriquí
2024-06-30,30.6,23.2,26.9,0.0,18.0,Suroeste,David,Chiriquí
2024-07-01,31.6,22.0,26.8,42.7,100.8,Suroeste,David,Chiriquí
2024-07-02,31.0,22.0,26.5,3.3,50.4,Suroeste,David,Chiriquí
2024-07-03,32.2,23.8,28.0,0.2,37.8,Suroeste,David,Chiriquí
2024-07-04,32.0,23.8,27.9,43.8,32.4,Sur,David,Chiriquí
2024-07-05,29.8,24.4,27.1,36.2,14.4,Sur,David,Chiriquí
2024-07-06,32.6,24.1,28.4,0.0,34.6,Sur,David,Chiriquí
2024-07-07,31.6,22.4,27.0,0.0,22.7,Sur,David,Chiriquí
2024-07-08,32.0,24.4,28.2,0.0,23.8,Sur,David,Chiriquí
2024-07-09,32.8,25.0,28.9,2.3,36.7,Sur,David,Chiriquí
2024-07-10,32.4,24.0,28.2,7.4,18.0,Sur,David,Chiriquí
2024-07-11,31.8,24.8,28.3,29.0,82.8,Suroeste,David,Chiriquí
2024-07-12,31.6,23.4,27.5,0.0,28.1,Sur,David,Chiriquí
2024-07-13,32.2,25.8,29.0,0.3,29.5,Sur,David,Chiriquí
2024-07-14,33.0,25.4,29.2,0.0,28.8,Sur,David,Chiriquí
2024-07-15,32.8,25.2,29.0,0.0,18.0,Sur,David,Chiriquí
2024-07-16,35.0,26.0,30.5,0.0,21.6,Sur,David,Chiriquí
2024-07-17,32.6,25.9,29.3,6.0,25.5,Suroeste,David,Chiriquí
2024-07-18,31.2,24.2,27.7,4.1,22.3,Suroeste,David,Chiriquí
2024-07-19,31.4,24.2,27.8,0.4,18.0,Sur,David,Chiriquí
2024-07-20,32.6,24.1,28.4,0.0,34.6,Sur,David,Chiriquí
2024-07-21,31.8,25.0,28.4,0.0,28.8,Sur,David,Chiriquí
2024-07-22,30.8,25.4,28.1,30.3,35.3,Suroeste,David,Chiriquí
2024-07-23,30.2,24.5,27.4,20.3,39.6,Sur,David,Chiriquí
2024-07-24,32.0,23.2,27.6,0.5,23.4,Sur,David,Chiriquí
2024-07-25,32.0,25.0,28.5,12.9,34.6,Oeste,David,Chiriquí
2024-07-26,31.6,24.5,28.1,1.2,37.8,Suroeste,David,Chiriquí
2024-07-27,28.0,24.0,26.0,5.1,28.8,Suroeste,David,Chiriquí
2024-07-28,32.6,23.0,27.8,0.0,25.5,Sur,David,Chiriquí
2024-07-29,32.4,24.8,28.6,0.0,25.5,Suroeste,David,Chiriquí
2024-07-30,32.8,25.0,28.9,12.5,40.7,Suroeste,David,Chiriquí
2024-07-31,30.0,24.0,27.0,0.0,20.0,Sur,David,Chiriquí
2024-08-01,32.2,24.6,28.4,79.5,31.0,Sur,David,Chiriquí
2024-08-02,31.6,23.0,27.3,0.0,13.7,Sur,David,Chiriquí
2024-08-03,32.6,24.4,28.5,18.5,43.2,Sur,David,Chiriquí
2024-08-04,32.2,22.4,27.3,17.9,39.6,Suroeste,David,Chiriquí
2024-08-05,31.4,24.0,27.7,24.0,52.9,Suroeste,David,Chiriquí
2024-08-06,30.4,23.6,27.0,0.6,36.7,Sur,David,Chiriquí
2024-08-07,30.8,24.2,27.5,57.6,39.6,Sur-Suroeste,David,Chiriquí
2024-08-08,31.2,24.2,27.7,0.5,21.6,Sur,David,Chiriquí
2024-08-09,32.9,23.0,28.0,0.0,36.0,Sur,David,Chiriquí
2024-08-10,32.0,23.8,27.9,2.1,30.6,Sur,David,Chiriquí
2024-08-11,32.0,24.0,28.0,29.7,43.2,Suroeste,David,Chiriquí
2024-08-12,31.6,23.8,27.7,0.8,28.8,Suroeste,David,Chiriquí
2024-08-13,31.5,24.4,28.0,0.0,45.0,Suroeste,David,Chiriquí
2024-08-14,31.8,25.0,28.4,0.0,31.0,Sur,David,Chiriquí
2024-08-15,32.6,24.1,28.4,0.0,34.6,Sur,David,Chiriquí
2024-08-16,32.2,25.2,28.7,0.0,34.6,Sur,David,Chiriquí
2024-08-17,32.8,24.8,28.8,7.3,26.7,Suroeste,David,Chiriquí
2024-08-18,32.2,24.2,28.2,6.2,21.6,Suroeste,David,Chiriquí
2024-08-19,31.8,24.6,28.2,26.0,28.8,Suroeste,David,Chiriquí
2024-08-20,31.6,24.8,28.2,0.0,22.7,Suroeste,David,Chiriquí
2024-08-21,31.6,26.2,28.9,4.2,26.2,Suroeste,David,Chiriquí
2024-08-22,31.6,24.0,27.8,10.1,17.3,Suroeste,David,Chiriquí
2024-08-23,32.2,24.0,28.1,0.0,28.0,Suroeste,David,Chiriquí
2024-08-24,31.2,24.2,27.7,13.2,24.2,Sur,David,Chiriquí
2024-08-25,31.8,23.6,27.7,63.0,28.8,Sur-Suroeste,David,Chiriquí
2024-08-26,30.0,23.6,26.8,6.2,28.8,Suroeste,David,Chiriquí
2024-08-27,31.8,22.4,27.1,0.0,28.8,Sur,David,Chiriquí
2024-08-28,32.8,23.8,28.3,0.0,28.8,Suroeste,David,Chiriquí
2024-08-29,31.2,25.0,28.1,4.5,25.5,Suroeste,David,Chiriquí
2024-08-30,29.7,24.9,27.3,4.0,25.5,Suroeste,David,Chiriquí
2024-08-31,32.6,24.1,28.4,0.0,34.6,Sur,David,Chiriquí
2024-09-01,31.8,24.2,28.0,40.8,32.4,Suroeste,David,Chiriquí
2024-09-02,32.0,23.4,27.7,0.0,23.6,Sur,David,Chiriquí
2024-09-03,33.4,23.5,28.5,0.0,25.6,Sur,David,Chiriquí
2024-09-04,31.7,24.8,28.3,0.0,23.4,Suroeste,David,Chiriquí
2024-09-05,32.0,24.8,28.4,0.0,18.0,Suroeste,David,Chiriquí
2024-09-06,32.6,24.1,28.4,0.0,34.6,Sur,David,Chiriquí
2024-09-07,31.8,24.0,27.9,2.8,22.4,Suroeste,David,Chiriquí
2024-09-08,31.2,23.4,27.3,1.4,28.3,Suroeste,David,Chiriquí
2024-09-09,32.4,23.5,28.0,13.5,20.3,Suroeste,David,Chiriquí
2024-09-10,32.9,24.0,28.5,0.0,34.6,Sur,David,Chiriquí
2024-09-11,32.8,24.8,28.8,10.3,34.6,Sur,David,Chiriquí
2024-09-12,32.0,24.2,28.1,0.2,22.6,Sur,David,Chiriquí
2024-09-13,31.8,24.8,28.3,0.0,23.4,Sur,David,Chiriquí
2024-09-14,32.8,24.6,28.7,2.0,34.6,Sur,David,Chiriquí
2024-09-15,32.8,25.0,28.9,0.0,24.5,Suroeste,David,Chiriquí
2024-09-16,33.0,25.6,29.3,6.9,24.2,Sur,David,Chiriquí
2024-09-17,31.4,26.0,28.7,0.0,25.7,Suroeste,David,Chiriquí
2024-09-18,33.2,24.8,29.0,13.0,25.2,Suroeste,David,Chiriquí
2024-09-19,32.4,24.0,28.2,25.5,27.8,Suroeste,David,Chiriquí
2024-09-20,30.8,23.8,27.3,2.7,25.4,Suroeste,David,Chiriquí
2024-09-21,31.8,24.8,28.3,25.2,35.5,Suroeste,David,Chiriquí
2024-09-22,29.8,23.6,26.7,0.5,15.8,Suroeste,David,Chiriquí
2024-09-23,26.6,24.2,25.4,0.0,34.6,Sur,David,Chiriquí
2024-09-24,30.6,23.2,26.9,2.8,24.0,Sur,David,Chiriquí
2024-09-25,32.2,23.2,27.7,0.8,20.8,Sur,David,Chiriquí
2024-09-26,31.6,23.6,27.6,29.0,32.2,Sur,David,Chiriquí
2024-09-27,31.8,23.6,27.7,3.8,24.7,Sur,David,Chiriquí
2024-09-28,31.0,23.4,27.2,1.5,22.5,Suroeste,David,Chiriquí
2024-09-29,31.7,22.8,27.3,2.6,25.4,Sur,David,Chiriquí
2024-09-30,31.2,23.4,27.3,32.4,26.1,Suroeste,David,Chiriquí
2024-10-01,30.6,23.2,26.9,15.0,32.3,Sur,David,Chiriquí
2024-10-02,30.6,23.4,27.0,3.2,17.2,Suroeste,David,Chiriquí
2024-10-03,31.6,24.4,28.0,0.0,24.1,Oeste-Suroeste,David,Chiriquí
2024-10-04,32.7,23.8,28.3,0.0,23.2,Suroeste,David,Chiriquí
2024-10-05,33.4,23.8,28.6,1.0,27.1,Sur-Suroeste,David,Chiriquí
2024-10-06,31.8,23.5,27.7,4.0,37.6,Suroeste,David,Chiriquí
2024-10-07,31.5,23.0,27.3,0.7,26.9,Suroeste,David,Chiriquí
2024-10-08,32.6,24.1,28.4,0.0,34.6,Sur,David,Chiriquí
2024-10-09,29.4,24.0,26.7,3.2,27.4,Sur-Suroeste,David,Chiriquí
2024-10-10,31.4,23.0,27.2,60.2,27.3,Suroeste,David,Chiriquí
2024-10-11,31.0,23.0,27.0,16.5,20.0,Suroeste,David,Chiriquí
2024-10-12,30.2,24.0,27.1,0.0,20.7,Suroeste,David,Chiriquí
2024-10-13,32.0,24.0,28.0,0.2,24.5,Suroeste,David,Chiriquí
2024-10-14,29.4,25.2,27.3,5.8,23.4,Suroeste,David,Chiriquí
2024-10-15,31.8,22.8,27.3,1.9,20.1,Suroeste,David,Chiriquí
2024-10-16,31.8,24.0,27.9,3.5,34.0,Suroeste,David,Chiriquí
2024-10-17,29.8,24.2,27.0,4.0,20.3,Sur,David,Chiriquí
2024-10-18,32.2,24.6,28.4,1.2,31.9,Suroeste,David,Chiriquí
2024-10-19,32.6,22.6,27.6,7.9,11.5,Suroeste,David,Chiriquí
2024-10-20,31.8,22.8,27.3,15.7,41.0,Sur,David,Chiriquí
2024-10-21,31.6,23.2,27.4,38.4,31.9,Sur,David,Chiriquí
2024-10-22,31.8,22.2,27.0,0.7,21.3,Sur,David,Chiriquí
2024-10-23,32.3,23.2,27.8,12.0,19.4,Sur,David,Chiriquí
2024-10-24,32.0,23.2,27.6,0.0,17.7,Sur,David,Chiriquí
2024-10-25,32.2,24.6,28.4,0.0,34.6,Sur,David,Chiriquí
2024-10-26,32.6,24.1,28.4,0.0,34.6,Sur,David,Chiriquí
2024-10-27,31.6,25.0,28.3,21.2,21.9,Suroeste,David,Chiriquí
2024-10-28,32.4,24.2,28.3,19.2,31.6,Suroeste,David,Chiriquí
2024-10-29,32.4,24.2,28.3,19.2,31.6,Sur-Suroeste,David,Chiriquí
2024-10-30,32.4,23.8,28.1,19.2,17.7,Sur,David,Chiriquí
2024-10-31,29.8,23.8,26.8,6.5,29.1,Sur,David,Chiriquí
2024-11-01,30.6,23.2,26.9,15.0,32.3,Sur,David,Chiriquí
2024-11-02,32.6,24.1,28.4,0.0,34.6,Sur,David,Chiriquí
2024-11-03,29.0,23.8,26.4,18.5,17.4,Suroeste,David,Chiriquí
2024-11-04,29.6,23.4,26.5,0.0,34.6,Sur,David,Chiriquí
2024-11-05,29.8,22.4,26.1,83.1,28.4,Suroeste,David,Chiriquí
2024-11-06,29.3,23.6,26.5,9.0,28.2,Suroeste,David,Chiriquí
2024-11-07,30.0,24.0,27.0,65.9,20.1,Sur,David,Chiriquí
2024-11-08,28.4,23.6,26.0,42.1,33.8,Suroeste,David,Chiriquí
2024-11-09,32.6,24.1,28.4,0.0,34.6,Sur,David,Chiriquí
2024-11-10,25.6,23.2,24.4,41.0,17.8,Suroeste,David,Chiriquí
2024-11-11,24.6,23.0,23.8,54.9,10.0,Oeste-Suroeste,David,Chiriquí
2024-11-12,24.8,23.2,24.0,65.6,10.2,Oeste-Suroeste,David,Chiriquí
2024-11-13,27.6,23.4,25.5,17.9,23.4,Suroeste,David,Chiriquí
2024-11-14,24.8,23.8,24.3,49.2,24.0,Sur,David,Chiriquí
2024-11-15,29.2,21.5,25.4,5.4,28.5,Suroeste,David,Chiriquí
2024-11-16,28.2,23.4,25.8,1.7,30.7,Suroeste,David,Chiriquí
2024-11-17,29.8,23.4,26.6,2.0,265.0,Suroeste,David,Chiriquí
2024-11-18,30.4,23.0,26.7,9.7,34.5,Suroeste,David,Chiriquí
2024-11-19,30.8,23.0,26.9,2.8,27.2,Suroeste,David,Chiriquí
2024-11-20,31.8,22.8,27.3,23.7,34.8,Suroeste,David,Chiriquí
2024-11-21,30.4,23.0,26.7,3.9,27.6,Suroeste,David,Chiriquí
2024-11-22,30.9,23.7,27.3,49.8,27.3,Sur,David,Chiriquí
2024-11-23,28.8,23.4,26.1,8.6,17.8,Suroeste,David,Chiriquí
2024-11-24,30.2,23.8,27.0,3.6,23.7,Sur,David,Chiriquí
2024-11-25,30.8,24.1,28.4,29.9,21.2,Sur,David,Chiriquí
2024-11-26,30.8,24.2,27.5,125.0,26.0,Suroeste,David,Chiriquí
2024-11-27,31.0,23.6,27.3,30.6,16.9,Suroeste,David,Chiriquí
2024-11-28,26.4,23.0,24.7,3.8,10.4,Calmo,David,Chiriquí
2024-11-29,31.0,24.6,27.8,0.0,34.6,Sur-Suroeste,David,Chiriquí
2024-11-30,31.8,23.8,27.8,0.0,25.1,Suroeste,David,Chiriquí
2024-12-01,32.0,24.0,28.0,2.6,25.5,Sur-Suroeste,David,Chiriquí
2024-12-02,30.6,25.0,27.8,0.0,34.6,Sur,David,Chiriquí
2024-12-03,31.4,24.2,27.8,0.0,21.9,Sur,David,Chiriquí
2024-12-04,31.2,24.2,27.7,0.0,21.2,Sur,David,Chiriquí
2024-12-05,32.6,24.1,28.4,0.0,34.6,Sur,David,Chiriquí
2024-12-06,31.2,23.4,27.3,0.1,20.2,Suroeste,David,Chiriquí
2024-12-07,34.2,23.0,28.6,0.0,27.5,Noreste,David,Chiriquí
2024-12-08,34.0,23.2,28.6,0.0,20.1,Suroeste,David,Chiriquí
2024-12-09,32.0,23.0,27.5,0.0,19.2,Suroeste,David,Chiriquí
2024-12-10,31.8,25.0,28.4,0.0,14.8,Sur,David,Chiriquí
2024-12-11,32.0,24.2,28.1,0.2,20.1,Suroeste,David,Chiriquí
2024-12-12,32.2,22.6,27.4,0.0,26.8,Sur,David,Chiriquí
2024-12-13,33.4,23.0,28.2,0.0,20.3,Sur,David,Chiriquí
2024-12-14,32.0,22.2,27.1,0.0,23.7,Suroeste,David,Chiriquí
2024-12-15,32.6,20.0,28.4,0.0,20.6,Suroeste,David,Chiriquí
2024-12-16,32.6,24.1,28.4,0.0,34.6,Sur,David,Chiriquí
2024-12-17,32.0,22.5,27.3,0.0,26.7,Sur,David,Chiriquí
2024-12-18,32.5,22.6,27.6,0.0,25.3,Oeste,David,Chiriquí
2024-12-19,32.5,24.0,28.3,0.0,23.2,Suroeste,David,Chiriquí
2024-12-20,32.8,23.6,28.2,7.4,34.6,Suroeste,David,Chiriquí
2024-12-21,32.6,24.4,28.5,2.4,16.5,Sur,David,Chiriquí
2024-12-22,31.8,23.2,27.5,0.0,16.6,Sur,David,Chiriquí
2024-12-23,31.8,23.2,27.5,0.0,16.6,Sur,David,Chiriquí
2024-12-24,32.4,23.4,27.9,0.0,22.1,Suroeste,David,Chiriquí
2024-12-25,30.2,25.0,27.6,13.0,18.8,Suroeste,David,Chiriquí
2024-12-26,31.2,24.0,27.6,19.8,27.9,Sur,David,Chiriquí
2024-12-27,28.0,24.0,26.0,0.7,13.4,Suroeste,David,Chiriquí
2024-12-28,25.2,24.0,24.6,10.4,7.0,Sur,David,Chiriquí
2024-12-29,27.0,23.8,25.4,10.3,12.9,Norte,David,Chiriquí
2024-12-30,29.2,21.6,25.4,0.0,22.1,Suroeste,David,Chiriquí
2024-12-31,30.8,22.4,26.6,0.0,25.6,Sur,David,Chiriquí
